{"n": 5, "x": [0.859905, 0.8878240000000001, 0.943662, 0.971581, 0.9995], "y": [12.433, 12.433, 15.700978, 18.968956, 22.236934], "obj": 10.62211683864035}