{"n": 15, "x": [595.0, 629.2857142857143, 663.5714285714286, 697.8571428571429, 732.1428571428571, 766.4285714285714, 800.7142857142858, 835.0, 869.2857142857142, 903.5714285714286, 937.8571428571429, 972.1428571428571, 1006.4285714285714, 1040.7142857142858, 1075.0], "y": [0.601, 0.713, 0.601, 0.713, 0.601, 0.713, 0.713, 0.713, 1.161, 2.169, 0.713, 0.601, 0.601, 0.601, 0.601], "obj": 1.771999999999987}