{"n": 6, "x": [0.0, 0.6, 1.2, 1.7999999999999998, 2.4, 3.0], "y": [0.0, 0.6, 1.2, 3.0, 3.0, 0.0], "obj": 1.7763568394002505e-15}