{"n": 8, "x": [0.859905, 0.8798471428571429, 0.8997892857142857, 0.9197314285714286, 0.9396735714285714, 0.9596157142857143, 0.9795578571428571, 0.9995], "y": [12.433, 12.433, 14.76727, 14.76727, 17.10154, 17.10154, 17.10154, 26.43862], "obj": 14.31096532368633}