{"n": 4, "x": [595.0, 755.0, 915.0, 1075.0], "y": [0.601, 0.601, 1.1236666666666668, 0.601], "obj": 8.295666666666666}