{"n":4,"obj":8.302668571472168,"x":[595.0,755.0,915.0,1075.0],"y":[0.6010000109672546,0.6010000109672546,1.1236666440963745,0.6010000109672546]}