{"n":5,"obj":5.927731513977051,"x":[595.0,787.0,883.0,979.0,1075.0],"y":[0.6010000109672546,0.6010000109672546,1.2281999588012695,0.6010000109672546,0.6010000109672546]}